Date,Open,High,Low,Close,Adj Close,Volume
2015-10-20,7065.470215,7075.459961,7046.399902,7060.850098,7060.850098,118500
2015-10-21,7069.549805,7107.680176,7065.370117,7092.899902,7092.899902,91300
2015-10-22,7097.870117,7117.779785,7088.089844,7117.779785,7117.779785,131200
2015-10-23,7142.540039,7255.080078,7142.540039,7236.379883,7236.379883,163300
2015-10-26,7294.629883,7377.479980,7294.629883,7324.399902,7324.399902,165400
2015-10-27,7318.839844,7347.640137,7269.180176,7325.759766,7325.759766,116300
2015-10-28,7329.319824,7329.319824,7274.569824,7289.259766,7289.259766,101400
2015-10-29,7295.859863,7310.180176,7177.919922,7189.250000,7189.250000,136800
2015-10-30,7186.129883,7210.759766,7134.259766,7134.259766,7134.259766,99100
2015-11-02,null,null,null,null,null,null
2015-11-03,7206.879883,7237.970215,7197.319824,7210.729980,7210.729980,0
2015-11-04,7228.629883,7239.930176,7146.479980,7201.020020,7201.020020,0
2015-11-05,7191.310059,7191.310059,7109.740234,7122.450195,7122.450195,0
2015-11-06,7115.279785,7124.850098,7078.350098,7118.200195,7118.200195,84300
2015-11-09,7113.500000,7120.120117,7047.580078,7070.189941,7070.189941,0
2015-11-10,7023.250000,7030.029785,6984.830078,7000.109863,7000.109863,0
2015-11-11,6975.290039,6983.720215,6953.970215,6983.720215,6983.720215,0
2015-11-12,7016.220215,7054.729980,6909.819824,6909.819824,6909.819824,0
2015-11-13,6900.359863,6919.080078,6851.399902,6897.770020,6897.770020,114500
2015-11-16,6830.779785,6830.779785,6715.919922,6772.919922,6772.919922,0
2015-11-17,6803.390137,6885.620117,6803.390137,6825.379883,6825.379883,95900
2015-11-18,null,null,null,null,null,null
2015-11-19,null,null,null,null,null,null
2015-11-20,6867.240234,6932.810059,6857.229980,6932.810059,6932.810059,114300
2015-11-23,6927.740234,6996.189941,6920.109863,6996.189941,6996.189941,0
2015-11-24,6997.689941,6998.319824,6971.200195,6992.600098,6992.600098,0
2015-11-25,7037.250000,7059.140137,7017.500000,7059.140137,7059.140137,0
2015-11-26,7084.259766,7084.259766,7043.879883,7063.250000,7063.250000,0
2015-11-27,7060.450195,7060.700195,6927.069824,6927.069824,6927.069824,147600
2015-12-01,6918.549805,7060.600098,6918.549805,7060.600098,7060.600098,0
2015-12-02,7049.149902,7062.629883,7031.600098,7047.080078,7047.080078,0
2015-12-03,7038.200195,7038.759766,6959.689941,6994.100098,6994.100098,0
2015-12-04,6961.529785,6964.370117,6910.279785,6921.930176,6921.930176,75000
2015-12-07,6930.379883,6976.439941,6910.080078,6911.859863,6911.859863,0
2015-12-08,6887.419922,6887.419922,6838.419922,6838.419922,6838.419922,0
2015-12-09,6828.419922,6874.629883,6827.229980,6848.250000,6848.250000,0
2015-12-10,6861.189941,6866.430176,6820.049805,6820.600098,6820.600098,0
2015-12-11,6827.870117,6842.779785,6708.029785,6735.009766,6735.009766,116500
2015-12-14,6692.299805,6745.990234,6610.819824,6745.990234,6745.990234,0
2015-12-15,6724.609863,6743.700195,6701.350098,6701.350098,6701.350098,0
2015-12-16,6732.540039,6810.850098,6732.540039,6807.720215,6807.720215,0
2015-12-17,6875.500000,6939.450195,6871.740234,6905.700195,6905.700195,0
2015-12-18,6876.209961,6876.209961,6796.540039,6867.069824,6867.069824,95500
2015-12-21,6865.149902,6914.779785,6822.290039,6910.339844,6910.339844,0
2015-12-22,6904.270020,6966.180176,6901.910156,6966.180176,6966.180176,0
2015-12-23,7004.589844,7022.879883,6988.830078,7002.419922,7002.419922,55200
2015-12-28,6880.310059,6983.609863,6880.310059,6983.609863,6983.609863,0
2015-12-29,6975.689941,6991.009766,6908.279785,6952.080078,6952.080078,83900
2016-01-04,6954.270020,6957.240234,6833.419922,6833.419922,6833.419922,0
2016-01-05,6823.919922,6863.750000,6785.720215,6835.129883,6835.129883,0
2016-01-06,6846.990234,6870.560059,6813.899902,6813.899902,6813.899902,0
2016-01-07,6823.370117,6823.370117,6618.879883,6618.879883,6618.879883,0
2016-01-08,6588.080078,6651.000000,6555.450195,6575.430176,6575.430176,133300
2016-01-11,6288.259766,6288.259766,6288.259766,6288.259766,6288.259766,0
2016-01-12,6322.870117,6433.750000,6322.870117,6330.549805,6330.549805,0
2016-01-13,6371.939941,6506.910156,6371.939941,6494.129883,6494.129883,0
2016-01-14,6395.870117,6433.700195,6346.000000,6408.759766,6408.759766,0
2016-01-15,6462.069824,6510.399902,6449.500000,6449.500000,6449.500000,106300
2016-01-18,6327.700195,6348.370117,6276.100098,6335.089844,6335.089844,0
2016-01-19,6348.029785,6376.250000,6311.660156,6357.049805,6357.049805,0
2016-01-20,6348.620117,6374.500000,6253.879883,6259.609863,6259.609863,0
2016-01-21,6212.410156,6213.879883,6084.279785,6084.279785,6084.279785,0
2016-01-22,6116.319824,6208.049805,6116.149902,6208.049805,6208.049805,283200
2016-01-25,6299.600098,6434.080078,6287.250000,6434.080078,6434.080078,0
2016-01-26,6317.240234,6362.669922,6258.879883,6311.600098,6311.600098,0
2016-01-27,6344.060059,6507.220215,6344.060059,6507.220215,6507.220215,0
2016-01-28,6495.569824,6564.660156,6447.609863,6563.379883,6563.379883,0
2016-01-29,6590.069824,6687.620117,6589.290039,6687.620117,6687.620117,240000
2016-02-01,6705.520020,6736.870117,6650.970215,6701.359863,6701.359863,0
2016-02-02,6619.680176,6653.120117,6619.680176,6642.450195,6642.450195,0
2016-02-03,6604.290039,6604.290039,6521.200195,6521.479980,6521.479980,0
2016-02-04,6553.629883,6652.830078,6553.629883,6652.830078,6652.830078,0
2016-02-05,6664.180176,6769.080078,6664.180176,6765.129883,6765.129883,212000
2016-02-09,6723.200195,6723.200195,6637.430176,6637.430176,6637.430176,0
2016-02-10,6609.790039,6637.479980,6550.120117,6637.479980,6637.479980,0
2016-02-11,6633.279785,6674.700195,6610.890137,6663.430176,6663.430176,142787800
2016-02-12,6623.959961,6677.479980,6607.459961,6654.450195,6654.450195,143400
2016-02-15,6684.540039,6711.740234,6680.620117,6692.580078,6692.580078,0
2016-02-16,6718.049805,6777.430176,6718.049805,6743.950195,6743.950195,0
2016-02-17,6776.629883,6779.299805,6727.930176,6756.819824,6756.819824,0
2016-02-18,6781.470215,6848.870117,6778.930176,6848.870117,6848.870117,0
2016-02-19,6844.959961,6844.959961,6789.100098,6792.060059,6792.060059,178800
2016-02-22,6792.540039,6799.319824,6773.830078,6783.080078,6783.080078,0
2016-02-23,6795.729980,6829.120117,6795.729980,6819.339844,6819.339844,0
2016-02-24,6812.410156,6812.410156,6713.810059,6769.259766,6769.259766,99700
2016-02-26,6731.399902,6773.029785,6728.649902,6771.299805,6771.299805,116000
2016-02-29,6777.049805,6818.040039,6671.040039,6671.040039,6671.040039,0
2016-03-01,6670.750000,6731.330078,6661.680176,6729.529785,6729.529785,0
2016-03-02,6781.430176,6882.450195,6781.430176,6882.450195,6882.450195,0
2016-03-03,6886.279785,6988.680176,6883.939941,6963.439941,6963.439941,0
2016-03-04,6973.899902,6987.220215,6899.069824,6899.069824,6899.069824,126300
2016-03-07,6949.200195,6955.910156,6871.830078,6892.689941,6892.689941,0
2016-03-08,6897.250000,6915.509766,6840.049805,6915.509766,6915.509766,0
2016-03-09,6914.330078,6951.040039,6889.629883,6948.180176,6948.180176,0
2016-03-10,6938.109863,7052.250000,6936.540039,7048.080078,7048.080078,0
2016-03-11,7002.060059,7119.859863,7002.060059,7098.640137,7098.640137,168200
2016-03-14,7161.089844,7204.609863,7112.890137,7112.890137,7112.890137,133500
2016-03-15,7140.649902,7207.930176,7140.229980,7148.259766,7148.259766,140700
2016-03-16,7146.759766,7156.279785,7065.390137,7065.390137,7065.390137,127300
2016-03-17,7114.310059,7210.899902,7110.270020,7210.899902,7210.899902,119000
2016-03-18,7229.729980,7318.490234,7227.140137,7306.740234,7306.740234,182500
2016-03-21,7346.759766,7412.330078,7346.759766,7376.410156,7376.410156,161100
2016-03-22,7372.660156,7383.299805,7295.669922,7342.029785,7342.029785,156600
2016-03-23,7307.479980,7360.049805,7262.689941,7360.049805,7360.049805,105400
2016-03-28,7355.589844,7359.229980,7303.729980,7334.520020,7334.520020,78400
2016-03-29,7323.930176,7339.080078,7264.689941,7274.399902,7274.399902,107700
2016-03-30,7299.439941,7362.600098,7293.629883,7299.229980,7299.229980,192800
2016-03-31,7329.629883,7357.959961,7229.000000,7262.299805,7262.299805,140300
2016-04-01,7273.879883,7285.629883,7205.620117,7245.129883,7245.129883,82000
2016-04-04,7245.700195,7302.620117,7235.899902,7254.529785,7254.529785,74300
2016-04-05,7269.500000,7269.830078,7215.939941,7219.229980,7219.229980,91400
2016-04-06,7223.080078,7223.080078,7171.129883,7180.549805,7180.549805,123500
2016-04-07,7204.359863,7239.220215,7199.959961,7232.970215,7232.970215,91000
2016-04-08,7217.379883,7247.200195,7189.089844,7247.200195,7247.200195,104300
2016-04-11,7252.009766,7291.430176,7252.009766,7291.430176,7291.430176,72800
2016-04-12,7295.120117,7306.560059,7276.520020,7306.560059,7306.560059,100800
2016-04-13,7324.020020,7343.290039,7318.370117,7341.000000,7341.000000,180400
2016-04-14,7340.529785,7374.959961,7338.410156,7357.279785,7357.279785,176900
2016-04-15,7360.830078,7363.040039,7303.290039,7321.299805,7321.299805,75900
2016-04-18,7313.580078,7313.580078,7235.790039,7243.399902,7243.399902,78000
2016-04-19,7244.689941,7264.490234,7183.279785,7215.089844,7215.089844,107800
2016-04-20,7212.410156,7229.700195,7189.529785,7201.370117,7201.370117,105100
2016-04-21,7212.660156,7257.850098,7194.080078,7257.850098,7257.850098,118100
2016-04-22,7253.299805,7272.419922,7235.029785,7255.390137,7255.390137,107900
2016-04-25,7260.040039,7267.439941,7227.250000,7250.129883,7250.129883,87500
2016-04-26,7245.629883,7249.859863,7202.000000,7211.919922,7211.919922,100500
2016-04-27,7192.069824,7201.000000,7137.779785,7180.529785,7180.529785,125200
2016-04-28,7199.979980,7220.660156,7158.629883,7162.560059,7162.560059,108100
2016-04-29,7162.490234,7162.490234,7122.759766,7159.290039,7159.290039,103100
2016-05-02,7106.350098,7124.259766,6980.180176,7053.879883,7053.879883,125800
2016-05-03,7064.459961,7098.479980,7046.569824,7046.569824,7046.569824,118600
2016-05-04,7049.640137,7081.859863,6982.319824,7081.859863,7081.859863,81400
2016-05-05,7007.629883,7011.279785,6986.859863,6999.750000,6999.750000,105100
2016-05-06,6976.359863,7003.029785,6961.649902,6991.870117,6991.870117,133000
2016-05-09,null,null,null,null,null,null
2016-05-10,6966.350098,7174.879883,6941.419922,7174.879883,7174.879883,228000
2016-05-11,7227.549805,7423.520020,7227.549805,7396.520020,7396.520020,290800
2016-05-12,7399.790039,7399.790039,7310.100098,7325.040039,7325.040039,156600
2016-05-13,7368.930176,7517.950195,7352.029785,7436.790039,7436.790039,270000
2016-05-16,7382.430176,7527.109863,7382.430176,7511.740234,7511.740234,178900
2016-05-17,7525.609863,7568.819824,7513.399902,7524.839844,7524.839844,212100
2016-05-18,7531.580078,7542.830078,7487.680176,7534.299805,7534.299805,193200
2016-05-19,7539.250000,7539.250000,7427.330078,7427.330078,7427.330078,122500
2016-05-20,7390.910156,7395.600098,7295.279785,7299.029785,7299.029785,110700
2016-05-23,7320.649902,7351.069824,7306.689941,7306.689941,7306.689941,94300
2016-05-24,7309.029785,7363.959961,7304.560059,7356.720215,7356.720215,121300
2016-05-25,7396.000000,7466.720215,7396.000000,7463.950195,7463.950195,0
2016-05-26,7438.890137,7454.509766,7354.169922,7376.379883,7376.379883,113100
2016-05-27,7393.870117,7430.930176,7373.959961,7411.680176,7411.680176,152600
2016-05-30,7409.009766,7465.229980,7409.009766,7464.339844,7464.339844,116400
2016-05-31,7478.890137,7519.169922,7401.600098,7401.600098,7401.600098,206400
2016-06-01,7447.270020,7507.470215,7434.549805,7500.790039,7500.790039,126200
2016-06-02,7506.779785,7553.600098,7464.589844,7464.589844,7464.589844,138900
2016-06-03,7511.709961,7533.479980,7497.529785,7514.220215,7514.220215,129100
2016-06-06,7549.870117,7606.850098,7535.509766,7598.220215,7598.220215,0
2016-06-07,7645.350098,7744.540039,7634.379883,7710.540039,7710.540039,264400
2016-06-08,7724.259766,7792.339844,7722.790039,7722.790039,7722.790039,190000
2016-06-09,7725.549805,7725.549805,7536.649902,7536.649902,7536.649902,105800
2016-06-10,7567.740234,7616.939941,7509.939941,7509.939941,7509.939941,150800
2016-06-13,7510.310059,7554.399902,7407.220215,7554.399902,7554.399902,161000
2016-06-14,7516.680176,7516.680176,7414.370117,7460.120117,7460.120117,105900
2016-06-15,7455.109863,7521.600098,7451.560059,7501.649902,7501.649902,117700
2016-06-16,7516.080078,7576.819824,7513.419922,7564.470215,7564.470215,116700
2016-06-17,7607.950195,7656.330078,7607.950195,7622.069824,7622.069824,123500
2016-06-20,7632.100098,7678.080078,7624.080078,7665.330078,7665.330078,147600
2016-06-21,7701.899902,7781.169922,7700.689941,7767.229980,7767.229980,208500
2016-06-22,7767.439941,7777.600098,7756.370117,7756.370117,7756.370117,162000
2016-06-23,7761.379883,7763.049805,7711.560059,7729.779785,7729.779785,139400
2016-06-24,7771.750000,7813.580078,7538.180176,7629.720215,7629.720215,216600
2016-06-27,7571.330078,7715.899902,7488.509766,7715.899902,7715.899902,152900
2016-06-28,7711.879883,7711.879883,7651.339844,7666.689941,7666.689941,93900
2016-06-29,7715.399902,7798.529785,7714.180176,7798.529785,7798.529785,139900
2016-06-30,7819.140137,7980.750000,7768.439941,7796.250000,7796.250000,298700
2016-07-01,7811.200195,7878.520020,7811.200195,7830.350098,7830.350098,137400
2016-07-04,7856.669922,7879.660156,7832.129883,7846.540039,7846.540039,118700
2016-07-05,7872.959961,7910.879883,7797.939941,7808.129883,7808.129883,194100
2016-07-06,null,null,null,null,null,null
2016-07-07,7816.259766,7818.669922,7748.870117,7753.459961,7753.459961,134100
2016-07-08,7752.620117,7774.390137,7752.020020,7771.520020,7771.520020,177800
2016-07-11,7830.500000,7890.560059,7827.509766,7865.270020,7865.270020,194400
2016-07-12,7881.540039,7937.950195,7880.310059,7937.950195,7937.950195,232000
2016-07-13,7951.049805,8005.729980,7944.020020,7944.020020,7944.020020,305500
2016-07-14,7953.390137,7964.069824,7905.879883,7956.140137,7956.140137,141700
2016-07-15,7968.629883,8037.410156,7968.629883,8030.060059,8030.060059,180000
2016-07-18,8024.479980,8024.479980,7969.350098,7986.250000,7986.250000,83500
2016-07-19,8001.120117,8036.009766,7999.069824,8036.009766,8036.009766,140400
2016-07-20,8034.759766,8051.970215,8023.279785,8051.970215,8051.970215,110000
2016-07-21,8050.259766,8102.299805,8023.310059,8102.299805,8102.299805,165100
2016-07-22,8103.450195,8118.439941,8025.350098,8025.350098,8025.350098,136200
2016-07-25,8065.540039,8114.339844,8038.109863,8049.129883,8049.129883,148100
2016-07-26,8061.959961,8092.959961,8024.540039,8024.540039,8024.540039,167100
2016-07-27,8046.069824,8100.479980,8044.919922,8100.479980,8100.479980,172200
2016-07-28,8107.229980,8107.229980,7977.290039,8024.979980,8024.979980,0
2016-07-29,8021.220215,8064.009766,7963.109863,7963.109863,7963.109863,127700
2016-08-01,8006.720215,8078.979980,8006.720215,8069.810059,8069.810059,95500
2016-08-02,8075.129883,8075.129883,8010.629883,8037.779785,8037.779785,135900
2016-08-03,8027.270020,8027.270020,7848.729980,7888.439941,7888.439941,141200
2016-08-04,7909.109863,7978.569824,7907.439941,7978.569824,7978.569824,107000
2016-08-05,7986.319824,7987.169922,7955.669922,7970.350098,7970.350098,77700
2016-08-08,7990.149902,7993.580078,7957.040039,7993.580078,7993.580078,125500
2016-08-09,8012.759766,8064.020020,8006.939941,8055.060059,8055.060059,187500
2016-08-10,8053.419922,8059.029785,8019.640137,8051.399902,8051.399902,159400
2016-08-11,8058.879883,8058.879883,7970.970215,7981.350098,7981.350098,209400
2016-08-12,8020.839844,8030.939941,7932.879883,7955.859863,7955.859863,180900
2016-08-15,7949.640137,7960.169922,7894.560059,7960.169922,7960.169922,155700
2016-08-16,7969.229980,7983.379883,7944.390137,7983.379883,7983.379883,165900
2016-08-17,7999.810059,8002.279785,7930.390137,7946.189941,7946.189941,188100
2016-08-18,7948.299805,7993.959961,7936.299805,7952.810059,7952.810059,124700
2016-08-19,7959.500000,7964.859863,7916.669922,7930.750000,7930.750000,167000
2016-08-22,7938.609863,7981.209961,7934.979980,7981.209961,7981.209961,107700
2016-08-23,7963.100098,7966.330078,7912.950195,7935.180176,7935.180176,117300
2016-08-24,7938.700195,7938.700195,7830.410156,7866.129883,7866.129883,162700
2016-08-25,7870.430176,7870.430176,7839.600098,7854.540039,7854.540039,141100
2016-08-26,7849.609863,7849.609863,7804.279785,7845.490234,7845.490234,195700
2016-08-30,7863.149902,7863.149902,7719.140137,7794.930176,7794.930176,236300
2016-08-31,7770.790039,7802.810059,7707.379883,7787.370117,7787.370117,223600
2016-09-01,7775.779785,7780.390137,7646.299805,7773.310059,7773.310059,224900
2016-09-02,7769.919922,7829.700195,7769.919922,7807.419922,7807.419922,122600
2016-09-05,7780.140137,7807.930176,7747.060059,7764.049805,7764.049805,94000
2016-09-06,7769.689941,7771.750000,7697.410156,7719.180176,7719.180176,127900
2016-09-07,7723.140137,7723.140137,7597.319824,7619.100098,7619.100098,295200
2016-09-08,7588.779785,7667.620117,7536.069824,7667.069824,7667.069824,197000
2016-09-09,7678.750000,7678.899902,7581.790039,7581.790039,7581.790039,113700
2016-09-12,null,null,null,null,null,null
2016-09-13,7569.990234,7571.009766,7527.759766,7550.270020,7550.270020,138400
2016-09-14,7526.299805,7546.009766,7493.640137,7546.009766,7546.009766,169800
2016-09-15,7537.140137,7708.419922,7510.620117,7708.419922,7708.419922,114100
2016-09-16,7683.669922,7683.669922,7549.319824,7553.759766,7553.759766,176200
2016-09-19,7570.640137,7576.839844,7519.810059,7575.839844,7575.839844,86300
2016-09-20,7590.189941,7671.720215,7590.189941,7671.720215,7671.720215,109000
2016-09-21,7686.259766,7686.259766,7632.250000,7675.419922,7675.419922,123100
2016-09-22,7714.049805,7770.370117,7712.290039,7762.350098,7762.350098,133600
2016-09-23,7768.310059,7781.930176,7692.990234,7723.600098,7723.600098,115900
2016-09-26,7715.319824,7715.319824,7615.450195,7632.459961,7632.459961,91100
2016-09-27,7627.000000,7627.000000,7538.000000,7557.339844,7557.339844,122100
2016-09-28,7559.299805,7603.810059,7554.939941,7586.959961,7586.959961,83800
2016-09-29,7611.040039,7714.859863,7605.419922,7714.859863,7714.859863,186600
2016-09-30,7709.770020,7709.770020,7629.729980,7629.729980,7629.729980,102200
2016-10-03,7643.339844,7677.729980,7643.339844,7677.729980,7677.729980,78200
2016-10-04,7670.220215,7719.240234,7666.399902,7719.240234,7719.240234,97300
2016-10-05,7706.660156,7706.660156,7607.080078,7639.790039,7639.790039,80000
2016-10-06,7635.750000,7642.709961,7609.009766,7620.160156,7620.160156,86000
2016-10-07,7621.569824,7628.850098,7550.890137,7578.290039,7578.290039,147500
2016-10-10,7584.459961,7586.359863,7523.970215,7534.709961,7534.709961,51000
2016-10-11,7529.180176,7566.009766,7510.250000,7520.819824,7520.819824,103700
2016-10-12,7494.649902,7495.490234,7393.509766,7429.819824,7429.819824,135600
2016-10-13,7381.580078,7393.859863,7312.180176,7312.180176,7312.180176,198900
2016-10-14,7321.709961,7403.810059,7321.709961,7389.299805,7389.299805,148000
2016-10-17,7378.759766,7426.560059,7358.209961,7358.209961,7358.209961,111600
2016-10-18,7361.939941,7571.149902,7357.149902,7571.149902,7571.149902,142900
2016-10-19,7578.959961,7721.569824,7576.350098,7721.569824,7721.569824,178400
2016-10-20,7705.459961,7720.029785,7656.990234,7713.319824,7713.319824,107200
2016-10-21,7714.180176,7714.180176,7645.399902,7650.220215,7650.220215,69900
2016-10-24,7593.359863,7614.580078,7571.439941,7609.310059,7609.310059,91300
2016-10-25,7599.529785,7624.770020,7580.220215,7580.220215,7580.220215,87200
2016-10-26,7542.359863,7546.870117,7478.549805,7494.410156,7494.410156,114400
2016-10-27,7496.049805,7497.120117,7424.629883,7445.140137,7445.140137,117800
2016-10-28,7442.919922,7447.609863,7317.720215,7404.799805,7404.799805,103000
2016-11-02,7371.680176,7374.569824,7237.339844,7252.399902,7252.399902,149500
2016-11-03,7230.370117,7252.549805,7129.100098,7160.910156,7160.910156,183100
2016-11-04,7174.399902,7227.370117,7160.609863,7227.370117,7227.370117,130800
2016-11-07,7201.899902,7232.180176,7164.899902,7197.189941,7197.189941,0
2016-11-08,7307.799805,7307.799805,7307.799805,7307.799805,7307.799805,0
2016-11-09,7325.410156,7329.240234,7038.189941,7119.040039,7119.040039,0
2016-11-10,7232.500000,7254.270020,7172.649902,7181.870117,7181.870117,0
2016-11-11,7146.089844,7153.500000,6971.580078,6975.089844,6975.089844,177800
2016-11-14,6939.310059,6945.259766,6865.939941,6871.479980,6871.479980,0
2016-11-15,6883.109863,6948.609863,6857.149902,6857.149902,6857.149902,0
2016-11-16,6900.899902,7001.359863,6900.899902,6966.279785,6966.279785,0
2016-11-17,6999.379883,7115.759766,6993.660156,7050.120117,7050.120117,0
2016-11-18,7071.240234,7082.600098,7037.580078,7067.729980,7067.729980,67200
2016-11-21,7073.120117,7084.720215,6947.609863,6979.060059,6979.060059,0
2016-11-22,6973.750000,6973.750000,6802.729980,6802.729980,6802.729980,0
2016-11-23,6836.640137,6836.640137,6836.640137,6836.640137,6836.640137,0
2016-11-24,6847.069824,6873.310059,6808.169922,6873.310059,6873.310059,0
2016-11-25,6884.290039,6904.930176,6845.720215,6889.779785,6889.779785,66500
2016-11-28,6902.089844,6907.089844,6786.259766,6825.399902,6825.399902,0
2016-11-29,6823.600098,6825.540039,6769.109863,6781.200195,6781.200195,234400
2016-12-01,6902.140137,6943.200195,6864.870117,6864.870117,6864.870117,0
2016-12-02,6880.669922,6902.350098,6834.649902,6886.740234,6886.740234,152200
2016-12-05,6902.509766,6902.509766,6776.410156,6776.410156,6776.410156,0
2016-12-06,6808.509766,6835.490234,6751.930176,6806.140137,6806.140137,0
2016-12-07,6810.240234,6866.810059,6789.939941,6866.810059,6866.810059,0
2016-12-08,6930.100098,7022.379883,6903.910156,7022.379883,7022.379883,0
2016-12-09,7044.410156,7045.830078,7018.990234,7043.160156,7043.160156,126500
2016-12-12,6868.890137,6868.890137,6868.890137,6868.890137,6868.890137,0
2016-12-13,6880.910156,6880.910156,6880.910156,6880.910156,6880.910156,0
2016-12-14,6928.339844,6928.339844,6928.339844,6928.339844,6928.339844,0
2016-12-15,6855.310059,6855.310059,6855.310059,6855.310059,6855.310059,0
2016-12-16,6855.240234,6881.209961,6825.319824,6850.709961,6850.709961,185700
2016-12-19,6843.250000,6848.370117,6683.350098,6714.129883,6714.129883,0
2016-12-20,6707.990234,6710.160156,6589.689941,6658.660156,6658.660156,0
2016-12-21,6687.089844,6732.200195,6681.020020,6686.359863,6686.359863,0
2016-12-22,6664.549805,6676.600098,6564.149902,6587.169922,6587.169922,0
2016-12-23,6545.529785,6563.669922,6499.000000,6563.669922,6563.669922,111900
2016-12-26,null,null,null,null,null,null
2016-12-27,6579.209961,6658.200195,6575.850098,6658.200195,6658.200195,0
2016-12-28,6688.939941,6846.439941,6677.060059,6846.439941,6846.439941,0
2016-12-29,6846.549805,6855.370117,6797.660156,6840.640137,6840.640137,0
2017-01-03,6840.060059,6861.310059,6746.799805,6861.310059,6861.310059,56100
2017-01-04,6874.680176,7041.060059,6874.680176,7030.950195,7030.950195,204000
2017-01-05,7051.859863,7279.919922,7049.339844,7209.439941,7209.439941,223900
2017-01-06,7184.459961,7289.509766,7181.689941,7248.200195,7248.200195,205900
2017-01-09,7255.180176,7276.339844,7210.799805,7276.339844,7276.339844,110300
2017-01-10,7278.569824,7371.839844,7276.720215,7364.339844,7364.339844,256700
2017-01-11,7362.240234,7402.540039,7316.779785,7321.819824,7321.819824,162000
2017-01-12,7335.660156,7347.819824,7260.709961,7264.549805,7264.549805,127400
2017-01-13,7256.720215,7270.850098,7227.160156,7238.520020,7238.520020,109400
2017-01-16,7243.549805,7279.479980,7225.430176,7238.450195,7238.450195,105000
2017-01-17,7244.029785,7244.029785,7123.330078,7123.330078,7123.330078,223300
2017-01-18,7136.149902,7165.149902,7129.890137,7156.359863,7156.359863,91900
2017-01-19,7183.990234,7246.080078,7172.189941,7246.080078,7246.080078,128200
2017-01-20,7252.439941,7255.169922,7204.270020,7232.660156,7232.660156,128600
2017-01-23,7242.620117,7374.350098,7237.330078,7374.350098,7374.350098,132800
2017-01-24,7373.890137,7384.580078,7340.540039,7370.649902,7370.649902,180700
2017-01-25,7383.680176,7398.290039,7323.359863,7323.359863,7323.359863,153100
2017-01-26,7320.640137,7361.779785,7320.640137,7332.640137,7332.640137,148200
2017-01-27,7338.220215,7366.040039,7333.669922,7333.669922,7333.669922,150000
2017-01-30,7350.890137,7376.930176,7336.709961,7336.709961,7336.709961,79500
2017-01-31,7327.899902,7343.930176,7229.660156,7229.660156,7229.660156,112000
2017-02-01,7297.720215,7300.209961,7209.729980,7227.450195,7227.450195,89800
2017-02-02,7228.850098,7282.040039,7208.140137,7225.910156,7225.910156,120500
2017-02-03,7223.339844,7227.100098,7186.439941,7226.700195,7226.700195,140200
2017-02-06,7244.310059,7294.399902,7243.649902,7294.399902,7294.399902,165300
2017-02-07,7283.850098,7283.850098,7241.620117,7262.640137,7262.640137,118800
2017-02-08,7277.890137,7286.439941,7221.439941,7234.819824,7234.819824,137100
2017-02-09,7238.450195,7252.660156,7227.850098,7252.660156,7252.660156,109500
2017-02-10,7257.720215,7265.520020,7196.750000,7235.209961,7235.209961,138500
2017-02-13,7241.799805,7294.669922,7237.229980,7294.669922,7294.669922,86100
2017-02-14,7279.850098,7282.459961,7206.839844,7206.839844,7206.839844,110800
2017-02-15,7217.240234,7234.399902,7174.299805,7174.299805,7174.299805,185000
2017-02-16,7176.640137,7293.160156,7176.640137,7283.250000,7283.250000,132900
2017-02-17,7289.629883,7292.620117,7236.910156,7244.790039,7244.790039,182500
2017-02-20,7252.540039,7281.189941,7252.540039,7281.189941,7281.189941,99700
2017-02-21,7284.930176,7284.930176,7258.310059,7282.680176,7282.680176,99400
2017-02-22,7275.509766,7304.450195,7263.200195,7304.450195,7304.450195,178000
2017-02-23,7312.419922,7339.899902,7290.209961,7335.560059,7335.560059,173800
2017-02-24,7328.950195,7331.720215,7258.990234,7258.990234,7258.990234,148800
2017-02-27,7266.779785,7296.000000,7232.470215,7232.470215,7232.470215,94500
2017-02-28,7239.640137,7245.600098,7152.450195,7212.089844,7212.089844,161300
2017-03-01,7167.890137,7186.479980,7150.609863,7170.700195,7170.700195,205700
2017-03-02,7183.450195,7244.049805,7183.450195,7234.939941,7234.939941,122300
2017-03-03,7232.470215,7247.120117,7197.160156,7247.120117,7247.120117,100900
2017-03-06,7228.919922,7316.569824,7216.120117,7313.870117,7313.870117,150300
2017-03-07,7310.649902,7326.069824,7285.250000,7294.520020,7294.520020,143100
2017-03-08,7314.419922,7341.580078,7294.560059,7294.560059,7294.560059,96700
2017-03-09,7298.100098,7326.830078,7295.450195,7295.450195,7295.450195,112000
2017-03-10,7298.180176,7298.740234,7146.270020,7146.270020,7146.270020,171500
2017-03-13,7213.740234,7238.600098,7202.169922,7233.089844,7233.089844,134100
2017-03-14,7253.129883,7281.569824,7244.000000,7261.750000,7261.750000,148100
2017-03-15,7268.350098,7275.979980,7214.959961,7253.790039,7253.790039,191300
2017-03-16,7279.859863,7320.500000,7268.180176,7278.600098,7278.600098,117400
2017-03-17,7307.009766,7417.759766,7274.680176,7345.020020,7345.020020,438500
2017-03-20,7374.450195,7380.569824,7297.319824,7316.569824,7316.569824,156100
2017-03-21,7319.919922,7361.439941,7318.189941,7323.310059,7323.310059,191800
2017-03-22,7300.459961,7300.459961,7230.169922,7254.930176,7254.930176,211500
2017-03-23,7299.890137,7315.890137,7281.850098,7301.029785,7301.029785,171100
2017-03-24,7308.649902,7317.250000,7269.620117,7269.620117,7269.620117,202700
2017-03-27,7268.640137,7276.000000,7222.149902,7245.970215,7245.970215,186200
2017-03-28,7276.259766,7331.459961,7274.600098,7331.459961,7331.459961,156400
2017-03-29,7320.089844,7354.459961,7310.020020,7324.000000,7324.000000,229800
2017-03-30,7327.000000,7360.000000,7327.000000,7332.589844,7332.589844,0
2017-03-31,7336.609863,7340.640137,7301.689941,7311.720215,7311.720215,153400
2017-04-03,7323.740234,7346.000000,7317.740234,7341.649902,7341.649902,152500
2017-04-04,7363.879883,7456.259766,7354.569824,7446.490234,7446.490234,166200
2017-04-05,7478.500000,7584.859863,7476.569824,7584.209961,7584.209961,245400
2017-04-06,7580.240234,7603.899902,7529.470215,7565.319824,7565.319824,311100
2017-04-07,7559.649902,7667.330078,7553.520020,7583.750000,7583.750000,283500
2017-04-10,7598.240234,7624.200195,7580.359863,7617.910156,7617.910156,168400
2017-04-11,7615.950195,7645.100098,7588.819824,7601.399902,7601.399902,151300
2017-04-12,7600.779785,7631.799805,7594.720215,7629.640137,7629.640137,158100
2017-04-17,7615.439941,7621.500000,7584.339844,7588.529785,7588.529785,93900
2017-04-18,7594.919922,7607.830078,7573.709961,7588.979980,7588.979980,105100
2017-04-19,7586.439941,7591.810059,7502.930176,7522.979980,7522.979980,103900
2017-04-20,7502.290039,7563.450195,7493.959961,7563.450195,7563.450195,185000
2017-04-21,7585.040039,7609.649902,7575.339844,7578.160156,7578.160156,131300
2017-04-24,7585.359863,7599.049805,7565.020020,7588.879883,7588.879883,110800
2017-04-25,7599.899902,7719.669922,7596.390137,7700.459961,7700.459961,171400
2017-04-26,7708.850098,7733.779785,7683.470215,7726.450195,7726.450195,114000
2017-04-27,7721.160156,7721.160156,7661.009766,7661.009766,7661.009766,120400
2017-04-28,null,null,null,null,null,null
2017-05-02,7687.290039,7720.330078,7685.540039,7703.100098,7703.100098,140600
2017-05-03,7713.859863,7731.979980,7682.259766,7682.259766,7682.259766,125500
2017-05-04,7696.220215,7767.910156,7689.200195,7755.750000,7755.750000,148500
2017-05-05,7753.060059,7908.970215,7742.509766,7841.990234,7841.990234,199200
2017-05-08,7849.890137,7962.330078,7849.890137,7962.330078,7962.330078,234800
2017-05-09,7980.359863,8018.390137,7913.140137,7923.500000,7923.500000,182000
2017-05-10,7915.060059,7943.720215,7794.169922,7794.169922,7794.169922,209900
2017-05-11,7798.810059,7863.970215,7773.169922,7816.399902,7816.399902,204800
2017-05-12,7797.839844,7815.529785,7724.370117,7815.529785,7815.529785,169400
2017-05-15,7818.020020,7860.310059,7772.930176,7772.930176,7772.930176,147200
2017-05-16,7805.529785,7840.680176,7789.129883,7791.069824,7791.069824,200000
2017-05-17,7805.569824,7842.209961,7803.089844,7826.529785,7826.529785,159900
2017-05-18,7797.520020,7797.520020,7718.959961,7757.689941,7757.689941,141300
2017-05-19,7755.350098,7767.620117,7738.750000,7767.620117,7767.620117,117400
2017-05-22,7795.290039,7821.279785,7795.290039,7806.569824,7806.569824,186900
2017-05-23,7823.029785,7848.140137,7812.140137,7812.140137,7812.140137,236600
2017-05-24,7788.109863,7837.819824,7761.609863,7837.819824,7837.819824,122600
2017-05-25,7845.810059,7873.859863,7828.939941,7871.649902,7871.649902,131000
2017-05-26,7870.029785,7885.419922,7858.770020,7867.490234,7867.490234,175600
2017-05-29,7866.479980,7925.899902,7866.399902,7886.029785,7886.029785,167800
2017-05-30,7891.750000,7897.770020,7850.470215,7860.770020,7860.770020,148800
2017-05-31,7855.979980,7858.200195,7816.609863,7837.120117,7837.120117,455100
2017-06-01,7835.270020,7936.029785,7835.270020,7927.490234,7927.490234,203800
2017-06-02,7921.399902,8002.319824,7907.660156,7907.660156,7907.660156,216000
2017-06-05,7954.620117,8040.339844,7954.620117,8001.379883,8001.379883,139700
2017-06-06,8019.200195,8020.100098,7953.120117,7953.120117,7953.120117,142600
2017-06-07,7964.020020,8018.250000,7964.020020,8002.319824,8002.319824,185000
2017-06-08,8007.040039,8046.629883,7947.709961,7958.629883,7958.629883,173100
2017-06-09,7961.459961,8026.330078,7956.709961,7990.240234,7990.240234,149000
2017-06-12,null,null,null,null,null,null
2017-06-13,7995.979980,7998.759766,7900.109863,7917.890137,7917.890137,202300
2017-06-14,7933.750000,7966.009766,7901.839844,7966.009766,7966.009766,151500
2017-06-15,7975.430176,8028.220215,7964.490234,7964.490234,7964.490234,144900
2017-06-16,7961.939941,7961.939941,7882.220215,7882.220215,7882.220215,414700
2017-06-19,7900.720215,7951.080078,7900.720215,7943.750000,7943.750000,97000
2017-06-20,7944.839844,7950.569824,7917.859863,7917.859863,7917.859863,100200
2017-06-21,7921.879883,7921.879883,7851.970215,7886.370117,7886.370117,107800
2017-06-22,7886.589844,7886.589844,7831.819824,7858.339844,7858.339844,162500
2017-06-23,7872.589844,7872.589844,7799.890137,7814.169922,7814.169922,91600
2017-06-26,null,null,null,null,null,null
2017-06-27,7851.930176,7890.629883,7837.229980,7876.370117,7876.370117,89500
2017-06-28,7889.799805,7894.330078,7854.779785,7857.180176,7857.180176,108800
2017-06-29,7877.350098,7877.689941,7774.490234,7788.060059,7788.060059,156800
2017-06-30,7774.910156,7843.160156,7734.520020,7843.160156,7843.160156,209200
2017-07-03,7840.229980,7866.520020,7797.830078,7866.520020,7866.520020,94000
2017-07-04,7854.979980,7858.899902,7830.330078,7833.959961,7833.959961,81400
2017-07-05,7848.029785,7848.839844,7821.370117,7848.839844,7848.839844,101500
2017-07-06,7850.500000,7892.709961,7849.080078,7888.310059,7888.310059,167500
2017-07-07,7887.689941,7894.609863,7880.129883,7889.330078,7889.330078,139700
2017-07-10,7889.470215,7900.279785,7837.470215,7837.470215,7837.470215,109400
2017-07-11,7846.839844,7863.660156,7844.629883,7858.140137,7858.140137,129900
2017-07-12,7872.629883,7952.959961,7872.629883,7938.370117,7938.370117,231200
2017-07-13,7963.729980,7994.270020,7911.830078,7936.850098,7936.850098,175400
2017-07-14,7952.870117,7958.080078,7875.520020,7885.899902,7885.899902,123400
2017-07-17,7915.430176,7955.009766,7914.439941,7934.500000,7934.500000,89300
2017-07-18,7941.370117,7967.810059,7941.370117,7952.919922,7952.919922,134100
2017-07-19,7974.450195,8005.310059,7967.700195,7972.899902,7972.899902,184100
2017-07-20,7988.140137,8001.589844,7904.339844,7904.339844,7904.339844,163000
2017-07-21,7917.259766,7989.729980,7849.259766,7989.729980,7989.729980,133100
2017-07-24,7985.040039,7985.040039,7949.410156,7962.640137,7962.640137,90400
2017-07-25,7985.419922,7999.000000,7958.950195,7971.720215,7971.720215,134100
2017-07-26,8007.700195,8062.990234,7998.140137,8037.509766,8037.509766,218500
2017-07-27,8072.209961,8106.740234,8045.779785,8045.779785,8045.779785,172300
2017-07-28,8075.720215,8079.700195,8046.759766,8071.470215,8071.470215,115600
2017-07-31,8068.660156,8070.040039,7953.470215,8018.049805,8018.049805,175300
2017-08-01,8015.680176,8017.180176,7906.600098,7906.600098,7906.600098,162200
2017-08-02,7936.890137,8037.910156,7872.649902,7872.649902,7872.649902,154400
2017-08-03,7897.839844,7946.310059,7862.109863,7876.660156,7876.660156,114100
2017-08-04,7918.910156,7960.799805,7918.029785,7932.819824,7932.819824,250700
2017-08-07,7955.370117,7992.270020,7955.100098,7992.270020,7992.270020,108700
2017-08-08,8030.069824,8039.049805,7986.509766,7986.509766,7986.509766,157000
2017-08-09,8007.250000,8011.589844,7940.970215,7985.830078,7985.830078,148900
2017-08-10,7966.250000,7966.250000,7966.250000,7966.250000,7966.250000,0
2017-08-11,7953.890137,7953.890137,7873.310059,7928.430176,7928.430176,108800
2017-08-14,7954.890137,7973.339844,7951.569824,7962.120117,7962.120117,105400
2017-08-15,8003.080078,8009.410156,7964.330078,8009.410156,8009.410156,139300
2017-08-16,8015.689941,8082.490234,7996.009766,8046.589844,8046.589844,152700
2017-08-17,8084.410156,8105.009766,8049.609863,8072.750000,8072.750000,117300
2017-08-18,8079.000000,8079.000000,8015.680176,8016.729980,8016.729980,78100
2017-08-21,8079.000000,8079.000000,8015.680176,8016.729980,8016.729980,80514400
2017-08-22,8018.140137,8026.310059,7969.740234,8015.930176,8015.930176,111500
2017-08-23,8027.970215,8028.899902,7998.750000,7998.750000,7998.750000,87800
2017-08-24,8023.399902,8023.399902,7978.859863,8004.930176,8004.930176,75900
2017-08-25,8018.200195,8031.500000,8009.720215,8015.140137,8015.140137,88900
2017-08-28,null,null,null,null,null,null
2017-08-29,8036.040039,8036.040039,7931.779785,7948.390137,7948.390137,113000
2017-08-30,7978.799805,7984.379883,7912.430176,7956.729980,7956.729980,102900
2017-08-31,7975.509766,7976.299805,7943.209961,7958.569824,7958.569824,195900
2017-09-01,null,null,null,null,null,null
2017-09-04,8035.200195,8035.200195,8035.200195,8035.200195,8035.200195,0
2017-09-05,8038.279785,8049.350098,7995.129883,8049.350098,8049.350098,152700
2017-09-06,8025.240234,8027.220215,7972.620117,7983.970215,7983.970215,155800
2017-09-07,8003.830078,8025.740234,7994.830078,8022.979980,8022.979980,153000
2017-09-08,8044.600098,8048.509766,8018.910156,8022.750000,8022.750000,148000
2017-09-11,8036.930176,8055.629883,8012.549805,8049.310059,8049.310059,96300
2017-09-12,null,null,null,null,null,null
2017-09-13,8097.270020,8103.680176,8047.040039,8053.879883,8053.879883,168400
2017-09-14,8073.240234,8169.640137,8071.759766,8144.910156,8144.910156,196500
2017-09-15,8141.390137,8180.850098,8104.950195,8180.850098,8180.850098,221100
2017-09-18,8185.240234,8294.139648,8155.939941,8294.139648,8294.139648,152700
2017-09-19,8299.809570,8299.849609,8162.700195,8162.700195,8162.700195,198000
2017-09-20,8201.690430,8250.000000,8201.690430,8219.320313,8219.320313,123800
2017-09-21,8239.219727,8321.809570,8237.830078,8286.860352,8286.860352,191100
2017-09-22,8297.940430,8314.440430,8275.450195,8281.269531,8281.269531,97700
2017-09-25,8247.410156,8252.200195,8195.450195,8244.730469,8244.730469,136100
2017-09-26,8230.559570,8230.559570,8119.589844,8170.140137,8170.140137,380500
2017-09-27,8159.180176,8221.919922,8113.299805,8221.919922,8221.919922,445500
2017-09-28,8223.690430,8223.690430,8151.859863,8156.040039,8156.040039,176700
2017-09-29,8151.580078,8240.519531,8151.580078,8171.430176,8171.430176,171600
2017-10-02,8210.759766,8257.830078,8197.889648,8256.280273,8256.280273,110100
2017-10-03,8261.290039,8321.219727,8261.290039,8312.929688,8312.929688,112300
2017-10-04,8328.740234,8377.790039,8328.740234,8344.049805,8344.049805,96200
2017-10-05,8353.230469,8355.629883,8294.009766,8294.009766,8294.009766,86100
2017-10-06,8332.559570,8406.339844,8297.019531,8310.879883,8310.879883,109600
2017-10-09,8333.700195,8367.379883,8326.780273,8367.379883,8367.379883,59200
2017-10-10,8354.879883,8409.919922,8340.169922,8398.040039,8398.040039,79300
2017-10-11,8418.330078,8427.129883,8353.110352,8358.469727,8358.469727,156600
2017-10-12,8367.089844,8406.360352,8361.440430,8402.809570,8402.809570,111400
2017-10-13,8422.219727,8447.940430,8399.839844,8447.940430,8447.940430,132200
2017-10-16,null,null,null,null,null,null
2017-10-17,8484.940430,8586.730469,8484.940430,8497.740234,8497.740234,174100
2017-10-18,8537.660156,8548.580078,8332.299805,8431.730469,8431.730469,129200
2017-10-19,8441.360352,8487.370117,8375.089844,8487.370117,8487.370117,85500
2017-10-20,8465.639648,8474.179688,8415.900391,8420.950195,8420.950195,78200
2017-10-23,8429.889648,8456.980469,8342.200195,8348.320313,8348.320313,94600
2017-10-24,8351.030273,8373.450195,8279.919922,8279.919922,8279.919922,88000
2017-10-25,8299.679688,8327.759766,8244.110352,8303.349609,8303.349609,106100
2017-10-26,8301.169922,8313.480469,8225.950195,8267.919922,8267.919922,78200
2017-10-27,8260.599609,8295.950195,8209.879883,8295.950195,8295.950195,72000
2017-10-30,8332.330078,8365.259766,8305.650391,8365.259766,8365.259766,66000
2017-10-31,null,null,null,null,null,null
2017-11-01,null,null,null,null,null,null
2017-11-02,8342.980469,8543.799805,8321.650391,8516.019531,8516.019531,153100
2017-11-03,8544.019531,8605.150391,8376.129883,8376.129883,8376.129883,163200
2017-11-06,8523.070313,8523.070313,8523.070313,8523.070313,8523.070313,0
2017-11-07,8521.809570,8521.809570,8521.809570,8521.809570,8521.809570,0
2017-11-08,8525.040039,8532.450195,8486.519531,8508.490234,8508.490234,0
2017-11-09,8515.400391,8563.509766,8506.769531,8519.820313,8519.820313,0
2017-11-10,8548.070313,8548.209961,8433.480469,8433.480469,8433.480469,101100
2017-11-13,8460.620117,8486.610352,8330.019531,8330.019531,8330.019531,0
2017-11-14,8349.610352,8379.639648,8280.429688,8379.639648,8379.639648,0
2017-11-15,8335.870117,8348.519531,8260.610352,8273.440430,8273.440430,0
2017-11-16,8211.030273,8332.940430,8206.440430,8206.440430,8206.440430,0
2017-11-17,8274.889648,8326.809570,8262.900391,8311.080078,8311.080078,101500
2017-11-20,8332.709961,8371.950195,8321.980469,8321.980469,8321.980469,0
2017-11-21,8339.809570,8340.629883,8289.190430,8289.190430,8289.190430,0
2017-11-22,8306.719727,8346.919922,8265.679688,8265.679688,8265.679688,0
2017-11-23,8291.860352,8343.230469,8278.509766,8343.230469,8343.230469,0
2017-11-24,8330.089844,8365.110352,8261.150391,8365.110352,8365.110352,123000
2017-11-27,8358.349609,8361.690430,8261.280273,8361.690430,8361.690430,0
2017-11-28,8341.769531,8341.769531,8254.250000,8291.879883,8291.879883,0
2017-11-29,8272.070313,8304.379883,8213.650391,8254.030273,8254.030273,206300
2017-11-30,8272.070313,8304.379883,8213.650391,8254.030273,8254.030273,0
2017-12-01,8236.150391,8236.150391,8122.319824,8144.020020,8144.020020,153000
2017-12-04,8108.209961,8126.970215,8051.859863,8084.450195,8084.450195,0
2017-12-05,8093.629883,8149.220215,8085.439941,8093.629883,8093.629883,0
2017-12-06,8157.600098,8197.389648,8119.370117,8129.620117,8129.620117,0
2017-12-07,8128.060059,8174.930176,8109.569824,8174.930176,8174.930176,0
2017-12-08,8176.209961,8304.700195,8167.600098,8304.700195,8304.700195,115600
2017-12-11,8296.230469,8358.570313,8277.259766,8358.570313,8358.570313,0
2017-12-12,8346.269531,8362.280273,8311.679688,8334.059570,8334.059570,0
2017-12-13,8341.809570,8363.150391,8321.589844,8359.610352,8359.610352,0
2017-12-14,8366.599609,8461.059570,8344.019531,8461.059570,8461.059570,0
2017-12-15,8425.660156,8425.660156,8337.040039,8337.040039,8337.040039,220000
2017-12-18,8422.820313,8422.820313,8422.820313,8422.820313,8422.820313,0
2017-12-19,8422.089844,8422.769531,8348.879883,8365.959961,8365.959961,0
2017-12-20,8376.320313,8377.570313,8343.990234,8362.610352,8362.610352,0
2017-12-21,8371.910156,8378.280273,8323.009766,8378.280273,8378.280273,0
2017-12-22,8377.919922,8432.309570,8364.419922,8432.309570,8432.309570,45600
2017-12-25,null,null,null,null,null,null
2017-12-26,null,null,null,null,null,null
2017-12-27,8427.049805,8490.910156,8412.889648,8490.910156,8490.910156,0
2017-12-28,8474.990234,8571.459961,8468.190430,8535.089844,8535.089844,0
2017-12-29,8562.860352,8640.040039,8535.099609,8558.419922,8558.419922,165400
2018-01-01,null,null,null,null,null,null
2018-01-02,null,null,null,null,null,null
2018-01-03,8584.459961,8724.129883,8580.500000,8724.129883,8724.129883,0
2018-01-04,8710.000000,8760.259766,8690.339844,8739.830078,8739.830078,0
2018-01-05,8743.410156,8858.070313,8739.740234,8770.000000,8770.000000,153500
2018-01-08,8818.900391,8820.530273,8713.860352,8745.120117,8745.120117,0
2018-01-09,8758.959961,8923.719727,8755.400391,8923.719727,8923.719727,0
2018-01-10,8914.250000,8926.780273,8877.980469,8920.290039,8920.290039,0
2018-01-11,8908.639648,8909.000000,8745.629883,8813.250000,8813.250000,0
2018-01-12,8836.290039,8868.559570,8803.620117,8814.620117,8814.620117,122000
2018-01-15,8844.349609,8897.559570,8809.530273,8857.719727,8857.719727,0
2018-01-16,8890.740234,8969.179688,8865.129883,8865.129883,8865.129883,0
2018-01-17,8879.669922,8902.269531,8821.410156,8848.990234,8848.990234,0
2018-01-18,8790.049805,8822.400391,8772.450195,8820.740234,8820.740234,0
2018-01-19,8824.719727,8915.919922,8802.780273,8915.919922,8915.919922,120800
2018-01-22,8893.139648,8975.120117,8883.000000,8950.620117,8950.620117,0
2018-01-23,8952.809570,8999.019531,8916.070313,8999.019531,8999.019531,0
2018-01-24,8992.370117,8992.370117,8898.209961,8920.230469,8920.230469,0
2018-01-25,8907.450195,8999.169922,8907.240234,8999.169922,8999.169922,0
2018-01-26,8995.610352,9041.200195,8945.320313,9041.200195,9041.200195,113200
2018-01-29,9061.750000,9078.370117,9008.410156,9058.620117,9058.620117,0
2018-01-30,9025.290039,9025.290039,8838.690430,8910.480469,8910.480469,0
2018-01-31,8831.830078,8831.830078,8721.849609,8764.009766,8764.009766,0
2018-02-01,8738.719727,8738.719727,8738.719727,8738.719727,8738.719727,0
2018-02-02,8746.860352,8810.750000,8746.860352,8810.750000,8810.750000,142600
2018-02-05,8680.589844,8680.589844,8555.549805,8616.000000,8616.000000,0
2018-02-06,8475.080078,8550.419922,8379.830078,8550.419922,8550.419922,0
2018-02-07,8648.000000,9700.559570,8603.179688,8667.559570,8667.559570,0
2018-02-08,8679.370117,8679.370117,8601.530273,8645.080078,8645.080078,0
2018-02-09,8545.879883,8546.019531,8421.740234,8503.690430,8503.690430,110800
2018-02-12,8533.799805,8554.509766,8460.559570,8487.910156,8487.910156,0
2018-02-13,8514.059570,8570.139648,8476.459961,8570.139648,8570.139648,0
2018-02-14,8563.570313,8598.110352,8498.570313,8598.110352,8598.110352,0
2018-02-15,8603.709961,8612.440430,8505.860352,8612.440430,8612.440430,174300
2018-02-16,null,null,null,null,null,null
2018-02-19,8593.870117,8757.830078,8538.200195,8710.219727,8710.219727,0
2018-02-20,8727.160156,8728.080078,8637.769531,8722.700195,8722.700195,0
2018-02-21,8677.509766,8677.509766,8613.500000,8613.650391,8613.650391,0
2018-02-22,8598.500000,8605.929688,8472.889648,8515.570313,8515.570313,0
2018-02-23,8520.730469,8526.230469,8465.790039,8467.559570,8467.559570,111100
2018-02-26,8450.150391,8499.980469,8373.679688,8499.980469,8499.980469,0
2018-02-27,8507.679688,8592.379883,8507.450195,8592.379883,8592.379883,0
2018-02-28,8538.530273,8575.440430,8475.290039,8475.290039,8475.290039,0
2018-03-01,8471.219727,8503.679688,8429.750000,8465.769531,8465.769531,0
2018-03-02,8414.940430,8458.570313,8337.690430,8458.570313,8458.570313,83800
2018-03-05,8434.669922,8449.820313,8350.530273,8386.169922,8386.169922,0
2018-03-06,8388.019531,8411.759766,8344.839844,8360.219727,8360.219727,0
2018-03-07,8373.620117,8404.690430,8333.110352,8404.690430,8404.690430,0
2018-03-08,8388.080078,8389.740234,8350.530273,8381.849609,8381.849609,0
2018-03-09,8401.330078,8409.750000,8367.629883,8372.509766,8372.509766,97800
2018-03-12,8442.250000,8484.650391,8425.929688,8453.500000,8453.500000,132000
2018-03-13,8454.089844,8462.250000,8397.959961,8419.570313,8419.570313,93100
2018-03-14,8430.030273,8430.030273,8284.759766,8348.740234,8348.740234,98200
2018-03-15,8322.099609,8326.009766,8190.009766,8190.009766,8190.009766,107600
2018-03-16,8200.139648,8258.089844,8156.189941,8238.150391,8238.150391,280800
2018-03-19,8236.540039,8240.129883,8169.000000,8235.540039,8235.540039,148100
2018-03-20,8180.250000,8180.250000,8015.490234,8059.600098,8059.600098,130700
2018-03-21,8097.589844,8097.589844,7909.069824,7909.069824,7909.069824,152900
2018-03-22,7934.830078,8124.450195,7928.750000,8124.450195,8124.450195,126600
2018-03-23,7980.660156,7980.660156,7923.649902,7970.799805,7970.799805,102000
2018-03-26,7948.049805,7949.609863,7834.109863,7932.379883,7932.379883,85100
2018-03-27,7947.209961,8047.029785,7947.209961,8047.029785,8047.029785,94700
2018-03-28,8016.350098,8056.220215,7967.279785,7979.830078,7979.830078,118100
2018-03-29,null,null,null,null,null,null
2018-03-30,null,null,null,null,null,null
2018-04-02,7993.629883,8039.450195,7944.859863,8039.450195,8039.450195,60000
2018-04-03,7976.330078,8071.680176,7976.330078,8048.720215,8048.720215,117400
2018-04-04,8084.930176,8084.930176,7991.600098,7997.669922,7997.669922,83500
2018-04-05,8035.640137,8043.660156,7988.370117,8022.160156,8022.160156,57700
2018-04-06,8018.770020,8047.700195,7901.790039,7945.660156,7945.660156,74400
2018-04-09,null,null,null,null,null,null
2018-04-10,7946.450195,7984.640137,7890.310059,7934.680176,7934.680176,115900
2018-04-11,7958.330078,7990.979980,7930.660156,7943.930176,7943.930176,89900
2018-04-12,7962.660156,8043.069824,7951.089844,8043.069824,8043.069824,83000
2018-04-13,8031.229980,8031.229980,7899.979980,7899.979980,7899.979980,123200
2018-04-16,7928.990234,7928.990234,7845.470215,7870.250000,7870.250000,80900
2018-04-17,7861.720215,7861.720215,7691.790039,7723.390137,7723.390137,124500
2018-04-18,7743.140137,7828.850098,7743.140137,7793.129883,7793.129883,121500
2018-04-19,7689.350098,7756.399902,7537.419922,7682.240234,7682.240234,294800
2018-04-20,7698.080078,7783.549805,7691.930176,7726.720215,7726.720215,115500
2018-04-23,7736.089844,7746.859863,7663.529785,7719.470215,7719.470215,93800
2018-04-24,7704.180176,7704.270020,7600.359863,7600.359863,7600.359863,101100
2018-04-25,7595.490234,7636.569824,7526.299805,7557.910156,7557.910156,108800
2018-04-26,7544.020020,7617.419922,7529.129883,7617.419922,7617.419922,79300
2018-04-27,7631.439941,7721.020020,7604.540039,7721.020020,7721.020020,125500
2018-04-30,7726.959961,7822.839844,7726.270020,7819.250000,7819.250000,131400
2018-05-01,null,null,null,null,null,null
2018-05-02,7791.629883,7856.500000,7736.069824,7736.069824,7736.069824,98800
2018-05-03,7792.410156,7792.410156,7535.100098,7535.100098,7535.100098,140500
2018-05-04,7541.000000,7558.310059,7499.259766,7546.189941,7546.189941,91700
2018-05-07,7578.799805,7581.720215,7517.089844,7533.279785,7533.279785,58800
2018-05-08,7544.100098,7615.220215,7543.350098,7577.569824,7577.569824,105500
2018-05-09,7587.680176,7590.799805,7535.930176,7555.270020,7555.270020,104800
2018-05-10,7547.459961,7630.290039,7531.660156,7571.000000,7571.000000,95400
2018-05-11,7625.100098,7760.259766,7625.100098,7752.109863,7752.109863,115100
2018-05-14,null,null,null,null,null,null
2018-05-15,7771.899902,7906.450195,7765.459961,7885.970215,7885.970215,158700
2018-05-16,7869.479980,7869.560059,7751.330078,7869.560059,7869.560059,155200
2018-05-17,7855.899902,7855.899902,7694.120117,7694.120117,7694.120117,130800
2018-05-18,7742.390137,7742.390137,7639.149902,7672.279785,7672.279785,79800
2018-05-21,7693.220215,7715.660156,7658.049805,7658.049805,7658.049805,66800
2018-05-22,7698.229980,7698.649902,7633.520020,7646.200195,7646.200195,80900
2018-05-23,7673.620117,7673.620117,7517.560059,7560.470215,7560.470215,99000
2018-05-24,7573.669922,7652.529785,7555.450195,7652.529785,7652.529785,70200
2018-05-25,7673.819824,7674.290039,7605.979980,7647.509766,7647.509766,77700
2018-05-28,7669.959961,7669.959961,7598.129883,7642.899902,7642.899902,74600
2018-05-29,7662.370117,7662.370117,7585.160156,7602.359863,7602.359863,91500
2018-05-30,7575.379883,7575.379883,7461.729980,7470.140137,7470.140137,112200
2018-05-31,7496.109863,7537.629883,7457.049805,7497.169922,7497.169922,376200
2018-06-01,7499.899902,7630.259766,7487.370117,7630.259766,7630.259766,109900
2018-06-04,7619.379883,7620.129883,7551.890137,7579.609863,7579.609863,75300
2018-06-05,7594.549805,7685.759766,7550.640137,7685.759766,7685.759766,129300
2018-06-06,7666.770020,7702.330078,7654.129883,7689.140137,7689.140137,102400
2018-06-07,7693.299805,7814.879883,7687.939941,7803.310059,7803.310059,152900
2018-06-08,7803.350098,7803.350098,7718.330078,7740.740234,7740.740234,80000
2018-06-11,7738.279785,7779.259766,7699.669922,7771.299805,7771.299805,58900
2018-06-12,null,null,null,null,null,null
2018-06-13,7722.430176,7723.850098,7553.740234,7602.979980,7602.979980,121100
2018-06-14,7553.799805,7561.439941,7479.569824,7529.540039,7529.540039,272100
2018-06-15,null,null,null,null,null,null
2018-06-18,7403.930176,7414.109863,7328.299805,7414.109863,7414.109863,133400
2018-06-19,7347.439941,7348.229980,7253.120117,7312.609863,7312.609863,120500
2018-06-20,7316.290039,7349.740234,7261.009766,7261.620117,7261.620117,112700
2018-06-21,7262.729980,7271.209961,7092.160156,7098.149902,7098.149902,143000
2018-06-22,7092.040039,7132.709961,6923.669922,7063.200195,7063.200195,170000
2018-06-25,7240.060059,7240.060059,6986.879883,6986.879883,6986.879883,118100
2018-06-26,7014.049805,7021.259766,6929.859863,7007.209961,7007.209961,111900
2018-06-27,6997.990234,7176.430176,6984.140137,7176.430176,7176.430176,119600
2018-06-28,7128.509766,7128.509766,7055.629883,7066.569824,7066.569824,90200
2018-06-29,7061.479980,7193.680176,7061.479980,7193.680176,7193.680176,132400
2018-07-02,7184.620117,7261.290039,7160.830078,7227.959961,7227.959961,100900
2018-07-03,7223.040039,7267.339844,7194.549805,7267.339844,7267.339844,68200
2018-07-04,7272.029785,7348.419922,7227.290039,7348.419922,7348.419922,99100
2018-07-05,7306.009766,7306.009766,7225.069824,7233.569824,7233.569824,94400
2018-07-06,7225.950195,7225.950195,7143.569824,7186.709961,7186.709961,69000
2018-07-09,7196.830078,7214.569824,7162.640137,7186.620117,7186.620117,71400
2018-07-10,7218.250000,7233.290039,7192.580078,7233.290039,7233.290039,75400
2018-07-11,7245.729980,7333.729980,7239.109863,7333.729980,7333.729980,76200
2018-07-12,7328.040039,7370.459961,7307.600098,7350.580078,7350.580078,91000
2018-07-13,7372.479980,7405.419922,7366.500000,7399.180176,7399.180176,74000
2018-07-16,7388.979980,7390.000000,7334.879883,7369.439941,7369.439941,47300
2018-07-17,7375.100098,7385.950195,7346.779785,7381.680176,7381.680176,51300
2018-07-18,7381.740234,7451.370117,7379.970215,7451.370117,7451.370117,59200
2018-07-19,7443.939941,7459.140137,7365.689941,7387.870117,7387.870117,69600
2018-07-20,7390.569824,7411.450195,7327.350098,7399.609863,7399.609863,87400
2018-07-23,7388.500000,7408.160156,7368.520020,7376.799805,7376.799805,84700
2018-07-24,7362.979980,7447.020020,7362.979980,7447.020020,7447.020020,89500
2018-07-25,7438.850098,7620.390137,7438.850098,7514.000000,7514.000000,149100
2018-07-26,7557.859863,7665.850098,7557.859863,7665.850098,7665.850098,160600
2018-07-27,7661.660156,7701.379883,7586.339844,7701.379883,7701.379883,132900
2018-07-30,7693.450195,7773.319824,7683.100098,7773.319824,7773.319824,96200
2018-07-31,7730.089844,7742.850098,7623.770020,7672.000000,7672.000000,153400
2018-08-01,7664.990234,7838.220215,7655.299805,7838.220215,7838.220215,137400
2018-08-02,7824.520020,7824.520020,7746.089844,7759.549805,7759.549805,92600
2018-08-03,7763.490234,7819.390137,7709.859863,7819.390137,7819.390137,99500
2018-08-06,7809.379883,7843.589844,7784.049805,7817.310059,7817.310059,79000
2018-08-07,7813.379883,7814.890137,7725.850098,7725.850098,7725.850098,85000
2018-08-08,7737.490234,7851.459961,7737.490234,7851.459961,7851.459961,126600
2018-08-09,7856.700195,7879.270020,7751.419922,7820.709961,7820.709961,143900
2018-08-10,7804.020020,7840.629883,7781.819824,7804.979980,7804.979980,98300
2018-08-13,7782.109863,7782.109863,7634.600098,7635.270020,7635.270020,78500
2018-08-14,7623.109863,7623.109863,7508.830078,7527.779785,7527.779785,77300
2018-08-15,7520.990234,7566.620117,7513.439941,7540.919922,7540.919922,54400
2018-08-16,7534.569824,7541.919922,7478.939941,7517.359863,7517.359863,75700
2018-08-17,7529.959961,7617.490234,7529.959961,7583.520020,7583.520020,94500
2018-08-20,7592.169922,7606.810059,7500.529785,7500.529785,7500.529785,43600
2018-08-21,null,null,null,null,null,null
2018-08-22,7551.649902,7632.259766,7529.640137,7632.259766,7632.259766,73400
2018-08-23,7623.770020,7804.029785,7623.770020,7804.029785,7804.029785,121500
2018-08-24,7775.520020,7783.290039,7718.169922,7766.470215,7766.470215,131000
2018-08-27,null,null,null,null,null,null
2018-08-28,7769.810059,7861.600098,7769.810059,7844.609863,7844.609863,123400
2018-08-29,7803.040039,7831.339844,7773.069824,7830.959961,7830.959961,159700
2018-08-30,7818.270020,7875.160156,7818.270020,7853.160156,7853.160156,151000
2018-08-31,7838.060059,7855.709961,7776.850098,7855.709961,7855.709961,174700
2018-09-03,7879.000000,7879.000000,7820.919922,7832.220215,7832.220215,147800
2018-09-04,7842.680176,7881.819824,7828.379883,7881.819824,7881.819824,89700
2018-09-05,7859.759766,7861.399902,7699.020020,7752.270020,7752.270020,120200
2018-09-06,7715.140137,7715.140137,7552.240234,7638.709961,7638.709961,121200
2018-09-07,7597.419922,7620.879883,7526.729980,7598.640137,7598.640137,112000
2018-09-10,7591.509766,7605.569824,7466.270020,7596.149902,7596.149902,111600
2018-09-11,7582.810059,7582.810059,7492.399902,7518.009766,7518.009766,77400
2018-09-12,7505.200195,7534.229980,7449.200195,7449.200195,7449.200195,88900
2018-09-13,7473.399902,7517.370117,7452.810059,7517.370117,7517.370117,87000
2018-09-14,7508.339844,7517.629883,7413.149902,7413.149902,7413.149902,88300
2018-09-17,7424.879883,7433.689941,7399.189941,7413.560059,7413.560059,53600
2018-09-18,7411.770020,7418.540039,7273.979980,7286.339844,7286.339844,96700
2018-09-19,7285.569824,7337.680176,7203.359863,7221.229980,7221.229980,100500
2018-09-20,7256.529785,7259.759766,7134.729980,7134.729980,7134.729980,90400
2018-09-21,7184.569824,7383.000000,7180.000000,7383.000000,7383.000000,194300
2018-09-24,7361.580078,7433.609863,7361.580078,7433.609863,7433.609863,67700
2018-09-25,7426.660156,7426.660156,7331.750000,7332.169922,7332.169922,57200
2018-09-26,7342.609863,7342.609863,7205.040039,7268.209961,7268.209961,136300
2018-09-27,7272.439941,7320.589844,7215.669922,7320.589844,7320.589844,78900
2018-09-28,7313.669922,7375.520020,7276.819824,7276.819824,7276.819824,103200
2018-10-01,7256.540039,7261.399902,7176.200195,7222.080078,7222.080078,63300
2018-10-02,7237.410156,7237.410156,7093.919922,7132.359863,7132.359863,101400
2018-10-03,7129.399902,7210.870117,7095.259766,7210.870117,7210.870117,56300
2018-10-04,7190.830078,7194.060059,7093.339844,7093.339844,7093.339844,60100
2018-10-05,7093.919922,7102.330078,7072.279785,7078.200195,7078.200195,59600
2018-10-08,7079.879883,7123.290039,7050.819824,7050.819824,7050.819824,56300
2018-10-09,7063.910156,7066.109863,7016.479980,7059.379883,7059.379883,59800
2018-10-10,7092.799805,7092.799805,6960.430176,7001.140137,7001.140137,86300
2018-10-11,6934.759766,6934.759766,6790.580078,6884.379883,6884.379883,96400
2018-10-12,6872.890137,7004.770020,6847.859863,7004.770020,7004.770020,87000
2018-10-15,7035.970215,7063.379883,6926.509766,6926.509766,6926.509766,72300
2018-10-16,6936.169922,6987.020020,6894.290039,6987.020020,6987.020020,82500
2018-10-17,7015.549805,7140.080078,7015.549805,7099.680176,7099.680176,99600
2018-10-18,7095.890137,7141.250000,7060.839844,7141.250000,7141.250000,47700
2018-10-19,7122.500000,7162.680176,7086.569824,7151.520020,7151.520020,0
